CHROM,POS,TYPE,REF,ALT,EVIDENCE,FTYPE,STRAND,NT_POS,AA_POS,EFFECT,LOCUS_TAG,GENE,PRODUCT
LNOD01000001.1,32048,snp,A,G,G:20 A:0
LNOD01000001.1,40107,snp,C,A,A:20 C:0
LNOD01000001.1,57585,snp,G,A,A:20 G:0
LNOD01000001.1,62521,snp,C,T,T:20 C:0
LNOD01000001.1,77495,snp,T,A,A:20 T:0
LNOD01000001.1,129767,snp,T,C,C:20 T:0
LNOD01000001.1,133928,snp,T,C,C:20 T:0
LNOD01000001.1,134233,snp,G,C,C:20 G:0
LNOD01000001.1,141903,snp,C,A,A:20 C:0
LNOD01000001.1,168051,snp,G,T,T:20 G:0
LNOD01000001.1,191204,snp,C,T,T:20 C:0
LNOD01000001.1,259540,snp,A,T,T:20 A:0
LNOD01000001.1,283025,snp,G,T,T:20 G:0
LNOD01000001.1,302253,snp,A,G,G:20 A:0
LNOD01000001.1,356365,snp,T,G,G:20 T:0
LNOD01000001.1,356395,snp,A,C,C:20 A:0
LNOD01000001.1,356583,snp,C,T,T:20 C:0
LNOD01000001.1,356713,snp,G,T,T:20 G:0
LNOD01000001.1,362228,snp,C,T,T:10 C:0
LNOD01000001.1,362299,snp,T,C,C:16 T:0
LNOD01000001.1,362307,complex,TAACCAGT,CAATCAGA,CAATCAGA:15 TAACCAGT:0
LNOD01000001.1,362355,snp,G,T,T:16 G:0
LNOD01000001.1,362388,snp,A,C,C:16 A:0
LNOD01000001.1,362427,complex,GCCTTTATTTGAT,TCCACTTTTCGAC,TCCACTTTTCGAC:16 GCCTTTATTTGAT:0
LNOD01000001.1,362451,complex,CCATCAT,TCACCAC,TCACCAC:18 CCATCAT:0
LNOD01000001.1,362511,snp,G,A,A:19 G:0
LNOD01000001.1,362787,snp,A,T,T:13 A:0
LNOD01000001.1,363161,complex,AGTG,TGTA,TGTA:11 AGTG:0
LNOD01000001.1,363170,complex,GGGATAT,AGGCTAC,AGGCTAC:12 GGGATAT:0
LNOD01000001.1,363213,complex,GATGGTT,ACTTGTG,ACTTGTG:14 GATGGTT:0
LNOD01000001.1,363235,snp,G,A,A:16 G:0
LNOD01000001.1,363242,snp,G,A,A:17 G:0
LNOD01000001.1,363263,snp,C,T,T:17 C:0
LNOD01000001.1,363285,snp,A,G,G:19 A:0
LNOD01000001.1,363308,snp,G,A,A:19 G:0
LNOD01000001.1,363320,complex,GAA,AGG,AGG:17 GAA:0
LNOD01000001.1,363385,snp,T,C,C:19 T:0
LNOD01000001.1,363391,snp,A,G,G:19 A:0
LNOD01000001.1,363397,snp,G,A,A:19 G:0
LNOD01000001.1,363412,complex,AA,GG,GG:18 AA:0
LNOD01000001.1,363427,snp,A,G,G:18 A:0
LNOD01000001.1,363433,complex,ACGTT,GCGCC,GCGCC:17 ACGTT:0
LNOD01000001.1,363442,complex,CATTGGC,TATCGGT,TATCGGT:17 CATTGGC:0
LNOD01000001.1,363532,snp,A,G,G:19 A:0
LNOD01000001.1,363775,snp,T,G,G:19 T:0
LNOD01000001.1,363782,snp,C,T,T:19 C:0
LNOD01000001.1,363808,complex,GGTCACA,TGTAACG,TGTAACG:18 GGTCACA:0
LNOD01000001.1,363862,snp,T,C,C:19 T:0
LNOD01000001.1,363892,snp,G,A,A:19 G:0
LNOD01000001.1,363955,complex,AGCGCCGGCGCTAGAC,GGCACCTGCGTTGGAT,GGCACCTGCGTTGGAT:17 AGCGCCGGCGCTAGAC:0
LNOD01000001.1,363979,snp,T,C,C:19 T:0
LNOD01000001.1,364051,snp,C,T,T:19 C:0
LNOD01000001.1,364057,snp,C,A,A:19 C:0
LNOD01000001.1,364162,snp,A,G,G:19 A:0
LNOD01000001.1,364169,snp,G,A,A:19 G:0
LNOD01000001.1,364174,complex,CGAA,TGAT,TGAT:19 CGAA:0
LNOD01000001.1,364182,snp,C,A,A:19 C:0
LNOD01000001.1,364195,snp,G,T,T:19 G:0
LNOD01000001.1,364203,complex,TTACC,CGACT,CGACT:19 TTACC:0
LNOD01000001.1,364219,complex,CAC,TGA,TGA:17 CAC:0
LNOD01000001.1,364249,snp,C,T,T:19 C:0
LNOD01000001.1,364258,snp,G,A,A:19 G:0
LNOD01000001.1,364264,complex,ACGT,CCAG,CCAG:17 ACGT:0
LNOD01000001.1,364293,complex,CA,TG,TG:17 CA:0
LNOD01000001.1,364311,ins,A,AATT,AATT:18 A:0
LNOD01000001.1,364350,snp,T,C,C:19 T:0
LNOD01000001.1,364362,complex,AGGG,GGGA,GGGA:18 AGGG:0
LNOD01000001.1,364377,snp,C,T,T:19 C:0
LNOD01000001.1,364391,complex,AC,GT,GT:18 AC:0
LNOD01000001.1,364401,snp,T,A,A:19 T:0
LNOD01000001.1,364416,snp,G,T,T:19 G:0
LNOD01000001.1,364439,complex,AG,GT,GT:18 AG:0
LNOD01000001.1,364458,snp,G,A,A:20 G:0
LNOD01000001.1,364485,snp,T,C,C:20 T:0
LNOD01000001.1,364491,snp,T,C,C:20 T:0
LNOD01000001.1,364518,snp,T,A,A:20 T:0
LNOD01000001.1,364524,snp,G,A,A:20 G:0
LNOD01000001.1,364551,complex,TGCT,AGCG,AGCG:20 TGCT:0
LNOD01000001.1,364623,snp,G,A,A:20 G:0
LNOD01000001.1,364635,snp,C,T,T:20 C:0
LNOD01000001.1,364663,snp,T,C,C:20 T:0
LNOD01000001.1,364686,snp,C,T,T:20 C:0
LNOD01000001.1,364707,snp,C,A,A:20 C:0
LNOD01000001.1,364713,complex,TGAGC,CGAGT,CGAGT:20 TGAGC:0
LNOD01000001.1,364722,snp,G,A,A:20 G:0
LNOD01000001.1,364731,snp,C,T,T:20 C:0
LNOD01000001.1,364740,snp,C,T,T:20 C:0
LNOD01000001.1,364800,snp,C,T,T:20 C:0
LNOD01000001.1,364806,snp,C,T,T:20 C:0
LNOD01000001.1,364812,complex,AATT,GATA,GATA:19 AATT:0
LNOD01000001.1,364848,snp,T,C,C:20 T:0
LNOD01000001.1,364870,snp,C,A,A:20 C:0
LNOD01000001.1,364908,complex,TTAT,CTAC,CTAC:19 TTAT:0
LNOD01000001.1,364917,snp,G,A,A:20 G:0
LNOD01000001.1,364929,complex,GACC,AACT,AACT:19 GACC:0
LNOD01000001.1,364953,complex,TAAA,CAAG,CAAG:17 TAAA:0
LNOD01000001.1,364974,snp,C,T,T:15 C:0
LNOD01000001.1,365013,snp,G,T,T:12 G:0
LNOD01000001.1,365037,snp,A,C,C:10 A:0
LNOD01000001.1,370721,snp,C,T,T:11 C:0
LNOD01000001.1,370775,snp,T,C,C:12 T:0
LNOD01000001.1,371723,snp,G,C,C:10 G:0
LNOD01000001.1,371729,snp,T,C,C:11 T:0
LNOD01000001.1,371756,snp,C,T,T:13 C:0
LNOD01000001.1,371774,complex,TCGAATACAG,ACGTGTTCAA,ACGTGTTCAA:13 TCGAATACAG:0
LNOD01000001.1,371789,snp,A,T,T:13 A:0
LNOD01000001.1,371798,complex,GGAC,TGAT,TGAT:14 GGAC:0
LNOD01000001.1,371810,snp,T,C,C:15 T:0
LNOD01000001.1,371852,complex,ATTC,GTTT,GTTT:16 ATTC:0
LNOD01000001.1,371861,complex,GCCA,CTCT,CTCT:16 GCCA:0
LNOD01000001.1,371878,snp,T,C,C:17 T:0
LNOD01000001.1,371907,complex,AAC,GGT,GGT:16 AAC:0
LNOD01000001.1,371928,snp,A,G,G:17 A:0
LNOD01000001.1,371963,snp,C,T,T:17 C:0
LNOD01000001.1,372002,snp,A,T,T:15 A:0
LNOD01000001.1,372008,complex,TTCAGAT,CAATGAA,CAATGAA:15 TTCAGAT:0
LNOD01000001.1,372031,snp,A,G,G:17 A:0
LNOD01000001.1,372046,ins,T,TA,TA:16 T:0
LNOD01000001.1,372065,snp,A,T,T:17 A:0
LNOD01000001.1,372105,complex,CAA,TTC,TTC:17 CAA:0
LNOD01000001.1,372155,snp,A,C,C:18 A:0
LNOD01000001.1,372176,snp,G,A,A:18 G:0
LNOD01000001.1,372182,snp,A,G,G:18 A:0
LNOD01000001.1,372188,snp,A,G,G:18 A:0
LNOD01000001.1,372194,snp,G,C,C:18 G:0
LNOD01000001.1,372212,complex,AGCAAG,GACAAC,GACAAC:17 AGCAAG:0
LNOD01000001.1,372252,snp,A,T,T:20 A:0
LNOD01000001.1,372262,snp,G,A,A:20 G:0
LNOD01000001.1,372294,snp,A,T,T:20 A:0
LNOD01000001.1,372342,snp,T,C,C:20 T:0
LNOD01000001.1,372348,snp,T,C,C:20 T:0
LNOD01000001.1,372471,snp,T,C,C:19 T:0
LNOD01000001.1,372581,snp,A,G,G:16 A:0
LNOD01000001.1,372603,snp,G,A,A:16 G:0
LNOD01000001.1,372618,snp,A,G,G:16 A:0
LNOD01000001.1,372656,snp,T,A,A:16 T:0
LNOD01000001.1,372669,snp,G,C,C:15 G:0
LNOD01000001.1,372676,snp,C,A,A:14 C:0
LNOD01000001.1,372693,complex,GTTAAACAATCTG,ACTCAATCAACTA,ACTCAATCAACTA:12 GTTAAACAATCTG:0
LNOD01000001.1,372711,complex,AGAA,CGAG,CGAG:12 AGAA:0
LNOD01000001.1,372721,complex,GA,AT,AT:13 GA:0
LNOD01000001.1,372741,snp,T,C,C:14 T:0
LNOD01000001.1,372747,snp,A,C,C:15 A:0
LNOD01000001.1,372756,snp,T,C,C:16 T:0
LNOD01000001.1,372800,snp,A,G,G:16 A:0
LNOD01000001.1,372846,snp,T,C,C:16 T:0
LNOD01000001.1,372852,snp,G,A,A:16 G:0
LNOD01000001.1,372864,snp,G,T,T:16 G:0
LNOD01000001.1,372871,complex,TCGA,GCAG,GCAG:14 TCGA:0
LNOD01000001.1,372879,complex,CTTT,TTTC,TTTC:14 CTTT:0
LNOD01000001.1,372900,snp,C,T,T:13 C:0
LNOD01000001.1,372916,complex,AAGCTG,CAAATT,CAAATT:13 AAGCTG:0
LNOD01000001.1,372927,complex,TATGGAT,CATGAAC,CATGAAC:13 TATGGAT:0
LNOD01000001.1,372943,complex,CGG,AAA,AAA:13 CGG:0
LNOD01000001.1,372957,snp,A,T,T:13 A:0
LNOD01000001.1,372979,snp,T,G,G:11 T:0
LNOD01000001.1,372997,snp,G,C,C:10 G:0
LNOD01000001.1,391953,snp,G,A,A:11 G:0
LNOD01000001.1,392073,snp,C,T,T:20 C:0
LNOD01000001.1,392109,snp,C,T,T:20 C:0
LNOD01000001.1,392899,snp,C,T,T:20 C:0
LNOD01000001.1,393129,snp,A,G,G:20 A:0
LNOD01000001.1,393292,complex,CACAT,TACAC,TACAC:19 CACAT:0
LNOD01000001.1,393313,snp,T,A,A:20 T:0
LNOD01000001.1,393359,snp,T,C,C:20 T:0
LNOD01000001.1,393367,snp,G,A,A:20 G:0
LNOD01000001.1,393373,complex,GAGT,AAGC,AAGC:19 GAGT:0
LNOD01000001.1,393382,snp,G,T,T:20 G:0
LNOD01000001.1,393392,snp,C,G,G:19 C:0
LNOD01000001.1,393397,complex,AACAGAC,GACCGAG,GACCGAG:18 AACAGAC:0
LNOD01000001.1,393430,snp,A,G,G:19 A:0
LNOD01000001.1,393442,snp,A,T,T:19 A:0
LNOD01000001.1,393476,snp,T,A,A:17 T:0
LNOD01000001.1,397489,snp,C,T,T:20 C:0
LNOD01000001.1,397539,complex,CCGTT,TTGTG,TTGTG:19 CCGTT:0
LNOD01000001.1,461675,snp,T,C,C:20 T:0
LNOD01000001.1,527405,snp,T,G,G:20 T:0
LNOD01000015.1,5776,snp,T,C,C:20 T:0
LNOD01000015.1,83569,snp,A,T,T:20 A:0
LNOD01000015.1,90020,snp,A,G,G:20 A:0
LNOD01000015.1,121333,snp,C,T,T:20 C:0
LNOD01000017.1,1449,snp,T,A,A:20 T:0
LNOD01000017.1,1502,snp,A,G,G:20 A:0
LNOD01000018.1,4159,snp,A,G,G:20 A:0
LNOD01000018.1,33862,snp,T,G,G:20 T:0
LNOD01000018.1,53946,snp,G,A,A:20 G:0
LNOD01000018.1,66605,ins,A,AG,AG:18 A:0
LNOD01000019.1,15876,del,CCATCCG,C,C:18 CCATCCG:0
LNOD01000002.1,14969,snp,A,G,G:20 A:0
LNOD01000002.1,39194,snp,T,C,C:20 T:0
LNOD01000002.1,66348,snp,G,T,T:20 G:0
LNOD01000002.1,106183,snp,C,A,A:20 C:0
LNOD01000002.1,178341,snp,A,G,G:20 A:0
LNOD01000002.1,183097,snp,A,G,G:20 A:0
LNOD01000002.1,185146,ins,A,AT,AT:20 A:0
LNOD01000002.1,185343,snp,T,G,G:20 T:0
LNOD01000002.1,192418,snp,C,T,T:20 C:0
LNOD01000002.1,235759,snp,T,C,C:20 T:0
LNOD01000002.1,242402,snp,C,A,A:20 C:0
LNOD01000002.1,243204,snp,G,C,C:20 G:0
LNOD01000002.1,263489,snp,G,C,C:20 G:0
LNOD01000002.1,280292,ins,A,AT,AT:20 A:0
LNOD01000002.1,287821,snp,T,C,C:20 T:0
LNOD01000002.1,313920,snp,A,C,C:20 A:0
LNOD01000002.1,316515,snp,A,G,G:20 A:0
LNOD01000002.1,321183,snp,T,A,A:20 T:0
LNOD01000002.1,352931,snp,T,C,C:20 T:0
LNOD01000002.1,354630,ins,G,GT,GT:19 G:0
LNOD01000002.1,355908,snp,G,A,A:20 G:0
LNOD01000002.1,375589,snp,A,C,C:20 A:0
LNOD01000002.1,388491,snp,C,T,T:20 C:0
LNOD01000002.1,394924,snp,G,C,C:20 G:0
LNOD01000002.1,431156,snp,C,A,A:20 C:0
LNOD01000002.1,476033,snp,T,C,C:20 T:0
LNOD01000002.1,511562,snp,G,T,T:20 G:0
LNOD01000002.1,555338,snp,T,C,C:20 T:0
LNOD01000002.1,573930,snp,G,T,T:20 G:0
LNOD01000003.1,19825,snp,A,C,C:20 A:0
LNOD01000003.1,90917,snp,G,A,A:20 G:0
LNOD01000003.1,107817,snp,T,C,C:20 T:0
LNOD01000003.1,211456,snp,A,G,G:20 A:0
LNOD01000003.1,220440,snp,T,C,C:20 T:0
LNOD01000003.1,269608,snp,T,G,G:20 T:0
LNOD01000003.1,315833,snp,G,A,A:20 G:0
LNOD01000003.1,317015,snp,T,C,C:20 T:0
LNOD01000003.1,318640,ins,T,TA,TA:19 T:0
LNOD01000003.1,319750,snp,A,G,G:20 A:0
LNOD01000003.1,360040,snp,G,A,A:20 G:0
LNOD01000003.1,384663,snp,G,A,A:20 G:0
LNOD01000003.1,387371,snp,A,T,T:20 A:0
LNOD01000003.1,393853,snp,G,C,C:20 G:0
LNOD01000003.1,406081,snp,G,T,T:20 G:0
LNOD01000003.1,492382,snp,C,T,T:20 C:0
LNOD01000003.1,523505,snp,G,A,A:20 G:0
LNOD01000003.1,524902,snp,T,G,G:20 T:0
LNOD01000003.1,531454,snp,T,C,C:20 T:0
LNOD01000004.1,1129,ins,T,TA,TA:20 T:0
LNOD01000005.1,19834,snp,C,T,T:20 C:0
LNOD01000005.1,72748,snp,G,T,T:20 G:0
LNOD01000005.1,94993,ins,A,AT,AT:18 A:0
LNOD01000005.1,115773,snp,G,C,C:20 G:0
LNOD01000005.1,119410,snp,T,G,G:20 T:0
LNOD01000005.1,130719,snp,G,A,A:20 G:0
LNOD01000005.1,174622,snp,G,C,C:20 G:0
LNOD01000005.1,174900,snp,C,A,A:20 C:0
LNOD01000005.1,208946,snp,A,G,G:20 A:0
LNOD01000005.1,224982,snp,T,G,G:20 T:0
LNOD01000006.1,15826,snp,C,T,T:20 C:0
LNOD01000006.1,16692,snp,C,T,T:20 C:0
LNOD01000006.1,17672,snp,A,G,G:20 A:0
LNOD01000006.1,21363,snp,T,C,C:20 T:0
LNOD01000007.1,14259,snp,A,G,G:20 A:0
LNOD01000007.1,20078,snp,T,C,C:20 T:0
LNOD01000007.1,30266,snp,G,T,T:20 G:0
LNOD01000007.1,56083,snp,G,A,A:20 G:0
LNOD01000007.1,56448,snp,A,G,G:20 A:0
LNOD01000007.1,68706,snp,G,A,A:20 G:0
LNOD01000007.1,88759,del,AATACACCAAAAG,A,A:14 AATACACCAAAAG:0
LNOD01000007.1,188488,snp,A,G,G:20 A:0
LNOD01000008.1,25334,snp,G,A,A:20 G:0
LNOD01000009.1,56903,snp,C,T,T:20 C:0
LNOD01000010.1,8466,snp,T,C,C:20 T:0
LNOD01000010.1,86740,snp,G,T,T:20 G:0
LNOD01000010.1,94674,snp,C,T,T:20 C:0
LNOD01000014.1,36260,snp,G,A,A:20 G:0
LNOD01000014.1,56353,snp,A,G,G:20 A:0
LNOD01000014.1,70434,snp,C,T,T:20 C:0
LNOD01000014.1,78595,snp,G,A,A:20 G:0
LNOD01000014.1,126982,snp,A,G,G:20 A:0
